id,name,student_code,starting_date,gender
1,Gert de Pagter,11111,2015-09-01,male
2,Quintijn Vos,22222,2015-09-01,male
3,Zoe van Harrewijn,33333,2013-09-01,female
4,Erik van der Maden,44444,2015-09-01,male
5,Jacco de Visser,55555,2015-09-01,male
6,Jesse Kramer,66666,2015-09-01,male
7,Mark Dingemanse,10065,2013-09-01,male
8,Jesse Labruijere,10066,2013-09-01,male
9,Isabel Wouters,10067,2013-09-01,female
10,Marcel Nauta,10068,2013-09-01,male
11,Leander Molengraaf,10069,2013-09-01,male
12,Roel van Endhoven,10070,2013-09-01,male
13,Vito Minheere,10071,2013-09-01,male
14,Corne Flikweert,10072,2013-09-01,male
15,Chris Verkroost,10073,2013-09-01,male
16,Peter Wouters,10074,2013-09-01,male
17,Thomas Phil,10075,2013-09-01,male
18,Jeroen van der Genugten,10076,2013-09-01,male
19,Pieter Voorwinden,10077,2013-09-01,male
20,Laurens Vonken,10078,2013-09-01,male
21,Max Hoekman,10079,2013-09-01,male
22,Melvin Versluijs,10080,2013-09-01,male
23,Mick Vleeshouwer,10081,2013-09-01,male
24,Willem van Vliet,10082,2013-09-01,male
25,Eelco van der Berge,10083,2013-09-01,male
26,Louisa Heijboer,10084,2013-09-01,female
27,Matthijs Pinxteren,10085,2013-09-01,male
28,Matthijs van der Welle,10086,2013-09-01,male
29,Kees Meliefste,10087,2013-09-01,male
30,Robert Fornari,10088,2013-09-01,male
31,Robin Vermeulen,10089,2013-09-01,male
32,Steef Houtekamer,10090,2013-09-01,male
33,Bart Sprengelmeijer,10091,2013-09-01,male
34,Bauke van der Woude,10092,2013-09-01,male
35,Jona Ceulemans,10093,2013-09-01,male
36,Onur Arslan,10094,2013-09-01,male
37,Tristan Schoonen,10095,2013-09-01,male
38,Bas Witte,10096,2013-09-01,male
39,Ivan Popovic,10097,2013-09-01,male
40,Kevin Verstraten,10098,2013-09-01,male
41,Leonard Siemonse,10099,2013-09-01,male
42,Melchior Vrolijk,10100,2013-09-01,male
43,Mladen Zivanovic,10101,2013-09-01,male
44,Robert Walhout,10102,2013-09-01,male
45,Sander van t Veer,10103,2013-09-01,male
46,Thien Tin Lam Ngoc,10104,2013-09-01,male
47,Paul Gorniak,10105,2013-09-01,male
48,Alen Hajali,10106,2015-09-01,male
49,Alexander Rokven,10107,2015-09-01,male
50,Bram Radder,10108,2015-09-01,male
51,Daan van der Jagt,10109,2014-09-01,male
52,Daan van Splunter,10110,2015-09-01,male
53,Darryl Wood,10111,2015-09-01,male
54,Diego Roa Centeno,10112,2015-09-01,male
55,Jeffrey Jonkers,10113,2014-09-01,male
56,Jeffrey van Ostayen,10114,2015-09-01,male
57,Jesper Klippel,10115,2015-09-01,male
58,Jesse van Splunder,10116,2015-09-01,male
59,Joey van Sluijs,10117,2015-09-01,male
60,Joost van Crugten,10118,2015-09-01,male
61,Jordi Dooge,10119,2015-09-01,male
62,Jullian Steenbakker,10120,2015-09-01,male
63,Jun Wei Chim,10121,2015-09-01,male
64,Kevin Brevoord,10122,2015-09-01,male
65,Lyam Jones,10123,2015-09-01,male
66,Niels van der Stap,10124,2015-09-01,male
67,Rob van Tienen,10125,2015-09-01,male
68,Rutger van den Heuvel,10126,2014-09-01,male
69,Steef van de Gruiter,10127,2015-09-01,male
70,Thomas van de Wege,10128,2015-09-01,male
71,Ashley de Looff,10129,2016-09-01,female
72,Bas Karelse,10130,2016-09-01,male
73,Maarten Dekker,10131,2016-09-01,male
74,Shawn Witte,10132,2016-09-01,male
75,Erwin Kruiver,10133,2016-09-01,male
76,Joan Grinwis,10134,2016-09-01,male
77,Joep Oomens,10135,2016-09-01,male
78,Joery Zegers,10136,2016-09-01,male
79,Mike Ribbens,10137,2016-09-01,male
80,Mike Vissers,10138,2016-09-01,male
81,Guy Platier,10139,2016-09-01,male
82,Robin Broeks,10140,2016-09-01,male
83,Roelant de Looff,10141,2016-09-01,male
84,Ruud van den Dries,10142,2016-09-01,male
85,Steven Nassy,10143,2016-09-01,male
86,Thomas Roth,10144,2016-09-01,male
87,Tim Banh,10145,2016-09-01,male
88,Tim Roelse,10146,2016-09-01,male
89,Allison van de Kreke,10147,2016-09-01,female
90,Bart Franse,10148,2016-09-01,male
91,Delano Brasz,10149,2016-09-01,male
92,Dyon Altena,10150,2016-09-01,male
93,Giorgio Joziasse,10151,2016-09-01,male
94,Giovanni van Pamelen,10152,2016-09-01,male
95,Jordy Vleeshouwer,10153,2016-09-01,male
96,Lars van de Vrede,10154,2016-09-01,male
97,Mahyar Emamjomeh,10155,2016-09-01,male
98,Mariano Kamoen,10156,2016-09-01,male
99,Milad Rahmani Saryat,10157,2016-09-01,male
100,Sven de Vries,10158,2016-09-01,male
101,Geffrey de Winter,10159,2016-09-01,male
102,Jano van der Dussen,10160,2016-09-01,male
103,Jasper de Pooter,10161,2016-09-01,male
104,Jesper Rober,10162,2016-09-01,male
105,Jordy Lynch,10163,2016-09-01,male
106,Joris Bakx,10164,2016-09-01,male
107,Mitchell de Jonge,10165,2016-09-01,male
108,Niels Szrama,10166,2016-09-01,male
109,Pim Everse,10167,2016-09-01,male
110,Teun Huibregtse,10168,2016-09-01,male
111,Niek Mes,10169,2016-09-01,male
112,Jordi Schaaf,10170,2016-09-01,male
113,Bas van Dam,10171,2016-09-01,male
114,Raphael Verhage,10172,2016-09-01,male
115,Pieter-Jan van Strien,10173,2014-09-01,male
116,Lorena Slabbekoorn,10174,2014-09-01,female
117,Rudger van Heuvel,10175,2014-09-01,male
118,Carlo Geertse,10176,2014-09-01,male
119,Loek van der Linde,10177,2014-09-01,male
120,Maaike Brouwer,10178,2014-09-01,female
121,Raymond de Looff,10179,2014-09-01,male
122,Thijs Clowting,10180,2014-09-01,male
123,Tim van Riet,10181,2014-09-01,male
124,Brent Lobbezoo,10182,2014-09-01,male
125,Mark Goedegebure,10183,2014-09-01,male
126,Joey van Zweden,10184,2014-09-01,male
127,Thomas de Rooij,10185,2014-09-01,male
128,Robin de Rooij,10186,2014-09-01,male
129,Nick Pourquie,10187,2014-09-01,male
130,Brian Buijs,10188,2014-09-01,male
131,Steven Neubacher,10189,2014-09-01,male
132,Bjorn de Mol,10190,2014-09-01,male
133,Bram Eikelboom,10191,2014-09-01,male
134,Stef Jansen,10192,2014-09-01,male
135,Rajenco Noort,10193,2014-09-01,male
136,Remco van Os,10194,2014-09-01,male
137,Sven de Ruijter,10195,2014-09-01,male
138,Arjen Poppe,10196,2014-09-01,male
139,Lutgard Roelans,10197,2014-09-01,female
140,Maarten van Kalsbeek,10198,2014-09-01,male
141,Wilco Boogert,10199,2014-09-01,male
142,Bas Lafeber,10200,2014-09-01,male
143,Joost Melkert,10201,2014-09-01,male
144,Jules Wijt,10202,2014-09-01,male
145,Lennart van den Bout,10203,2014-09-01,male
146,Marlon Kewaldar,10204,2014-09-01,male
147,Quintin Geervliet,10205,2014-09-01,male
148,Sjoerd den Dekker,10206,2014-09-01,male
149,Thijs van der Eerden,10207,2014-09-01,male
150,Talitha Lansman,10208,2014-09-01,female
